cnpj,codigo_B3,registro_cancelado
13.217.485/0001-11,SBFG3,
26.659.061/0001-59,ESPA3,
02.635.522/0001-95,JALL3,
11.725.176/0001-27,BOAS3,
26.735.020/0001-02,POWE3,
10.139.870/0001-08,NGRD3,
09.083.175/0001-84,MOSI3,
08.797.760/0001-83,CURY3,
62.984.091/0001-02,CSED3,
14.785.152/0001-51,HBRE3,
82.901.000/0001-27,INTB3,
01.599.101/0001-93,SEQL3,
04.032.433/0001-80,ATMP3,
09.347.516/0001-81,ELMD3,
12.528.708/0001-07,AERI3,
24.230.275/0001-80,PLPL3,
24.990.777/0001-09,GMAT3,
31.553.627/0001-01,MBLY3,
49.669.856/0001-43,LLIS3,
82.982.075/0001-80,TXRX3,
11.421.994/0001-36,ORVR3,
14.110.585/0001-07,CASH3,
23.373.000/0001-32,VAMO3,
59.418.806/0001-47,TFCO4,
09.114.805/0001-30,OPCT3,
08.902.291/0001-15,CMIN3,
06.626.253/0001-51,PGMN3,
06.057.223/0001-71,ASAI3,
51.128.999/0001-90,NUTR3,
09.042.817/0001-05,BMOB3,
82.982.075/0001-80,TXRX4,
26.462.693/0001-28,LAVV3,
16.811.931/0001-00,AVLL3,
12.181.987/0001-77,MELK3,
19.112.842/0001-63,WEST3,
16.922.038/0001-51,ENJU3,
02.421.421/0001-11,TIMS3,
12.091.809/0001-55,RRRP3,
06.047.087/0001-39,RDOR3,
18.328.118/0001-09,PETZ3,
07.415.333/0001-20,SIMH3,
04.895.728/0001-80,EQPA3,False
91.983.056/0001-69,KEPL3,False
00.924.429/0001-75,VSPT4,False
17.167.396/0001-69,RPAD5,False
09.041.168/0001-10,LOGG3,False
10.215.988/0001-60,LCAM3,False
02.328.280/0001-97,EKTR4,False
00.000.000/0001-91,BBAS3,False
02.762.124/0001-30,BETP3B,False
09.149.503/0001-06,OMGE3,False
61.088.894/0001-08,CAMB3,False
61.584.140/0001-49,REDE3,False
04.128.563/0001-10,TIET11,False
02.558.157/0001-62,VIVT4,False
92.702.067/0001-96,BRSR6,False
61.092.037/0001-81,ETER3,False
01.083.200/0001-18,NEOE3,False
07.859.971/0001-30,TAEE3,False
56.992.423/0001-90,BMKS3,False
17.281.106/0001-03,CSMG3,False
61.065.751/0001-80,RSID3,False
89.850.341/0001-60,GRND3,False
45.987.245/0001-92,BAHI3,False
33.111.246/0001-90,TCNO3,False
33.113.309/0001-47,VLID3,False
92.665.611/0001-77,PNVL4,False
88.611.835/0001-29,POMO4,False
60.651.809/0001-05,NEMO3,False
67.571.414/0001-41,VIVR3,False
33.014.556/0001-96,LAME3,False
34.169.557/0001-72,BMIN4,False
33.228.024/0001-51,WLMM3,False
62.144.175/0001-20,PINE4,False
59.789.545/0001-71,PPAR3,False
07.816.890/0001-53,MULT3,False
02.558.115/0001-21,TIMP3,False
02.992.449/0001-09,PRPT3B,False
03.983.431/0001-03,ENBR3,False
08.467.115/0001-00,CEED3,False
82.636.986/0001-55,TEKA3,False
02.762.115/0001-49,MMXM3,False
08.324.196/0001-81,CSRN3,False
58.119.199/0001-51,ODPV3,False
84.683.408/0001-03,DOHL3,False
08.324.196/0001-81,CSRN5,False
80.227.184/0001-66,MTIG3,False
01.838.723/0001-27,BRFS3,False
01.107.327/0001-20,BBML3,False
04.128.563/0001-10,TIET4,False
84.429.695/0001-11,WEGE3,False
61.585.865/0001-51,RADL3,False
60.398.369/0004-79,PMAM3,False
61.079.117/0001-05,ALPA3,False
53.113.791/0001-22,TOTS3,False
04.752.991/0001-10,BIOM3,False
33.386.210/0001-19,SOND3,False
28.127.603/0001-78,BEES4,False
60.840.055/0001-31,FLRY3,False
60.476.884/0001-87,LEVE3,False
04.895.728/0001-80,EQPA7,False
87.456.562/0001-22,JOPA3,False
17.167.412/0001-13,CRIV3,False
06.977.745/0001-91,BRML3,False
02.365.069/0001-44,PDTC3,False
43.185.362/0001-07,IGBR3,False
08.364.948/0001-38,ALUP4,False
08.364.948/0001-38,ALUP11,False
92.715.812/0001-31,EEEL4,False
83.475.913/0001-91,PTBL3,False
92.749.225/0001-63,HETA3,False
61.024.352/0001-71,IDVL3,False
17.245.234/0001-00,CEDO4,False
17.193.806/0001-46,BRGE12,False
17.193.806/0001-46,BRGE7,False
17.155.730/0001-64,CMIG4,False
15.144.017/0001-90,CSAB4,False
02.318.346/0001-68,OPHE3B,False
60.746.948/0001-12,BBDC3,False
09.611.768/0001-76,INNT3,False
02.916.265/0001-60,JBSS3,False
02.291.077/0001-93,PRMN3B,False
29.978.814/0001-87,SULA3,False
92.781.335/0001-02,TASA4,False
61.374.161/0001-30,BALM4,False
01.104.937/0001-70,LIPR3,False
07.526.557/0001-00,ABEV3,False
88.613.658/0001-10,PTNT3,False
33.042.730/0001-04,CSNA3,False
08.613.550/0001-98,BBRK3,False
15.139.629/0001-94,CEEB5,False
09.305.994/0001-29,AZUL4,False
05.799.312/0001-20,TESA3,False
61.022.042/0001-18,CALI3,False
02.846.056/0001-97,CCRO3,False
61.156.931/0001-78,APTI4,False
51.928.174/0001-50,PLAS3,False
67.620.377/0001-14,BEEF3,False
08.574.411/0001-00,PTCA11,False
00.000.208/0001-00,BSLI3,False
60.637.238/0001-54,JBDU3,False
61.351.532/0001-68,AZEV3,False
42.278.291/0001-24,LOGN3,False
13.009.717/0001-46,BGIP3,False
30.306.294/0001-45,BPAC5,False
06.977.751/0001-49,BRPR3,False
01.417.222/0001-77,MRSA3B,False
02.217.319/0001-07,ALEF3B,False
02.950.811/0001-89,PDGR3,False
00.743.065/0001-27,LTEL3B,False
02.998.301/0001-81,GEPA3,False
56.643.018/0001-66,EUCA4,False
17.193.806/0001-46,BRGE8,False
19.853.511/0001-84,GNDI3,False
17.193.806/0001-46,BRGE5,False
92.749.225/0001-63,HETA4,False
00.924.429/0001-75,VSPT3,False
60.730.348/0001-66,MSPA4,False
97.837.181/0001-47,DTEX3,False
33.041.260/0652-90,VVAR3,False
33.111.246/0001-90,TCNO4,False
02.149.205/0001-69,PSSA3,False
61.374.161/0001-30,BALM3,False
10.835.932/0001-08,CEPE3,False
92.012.467/0001-70,CGRA4,False
04.149.454/0001-80,ECOR3,False
08.324.196/0001-81,CSRN6,False
86.375.425/0001-09,MTSA4,False
60.933.603/0001-78,CESP6,False
89.096.457/0001-55,SLCE3,False
29.978.814/0001-87,SULA11,False
97.191.902/0001-94,ODER3,False
61.065.298/0001-02,MGEL3,False
15.101.405/0001-93,CORR4,False
64.904.295/0001-03,CAML3,False
02.062.747/0001-08,OPSE3B,False
08.801.621/0001-86,CCPR3,False
00.070.698/0001-11,CEBR3,False
01.896.779/0001-38,CARD3,False
87.762.563/0001-03,HBTS3,False
61.486.650/0001-83,DASA3,False
33.200.049/0001-47,HOOT3,False
61.532.644/0001-15,ITSA4,False
02.351.144/0001-18,TGMA3,False
76.627.504/0001-06,INEP3,False
14.807.945/0001-24,SNSY3,False
32.785.497/0001-97,NTCO3,False
33.386.210/0001-19,SOND5,False
08.926.302/0001-05,DMMO3,False
05.878.397/0001-32,ALSO3,False
21.255.567/0001-89,CTSA4,False
22.266.175/0001-88,FHER3,False
08.364.948/0001-38,ALUP3,False
61.856.571/0001-17,CGAS5,False
01.957.772/0001-89,OPTS3B,False
06.272.793/0001-84,EQMA6B,False
52.548.435/0001-79,JSLG3,False
00.416.968/0001-01,BIDI4,False
84.683.671/0001-94,MWET4,False
02.604.860/0001-60,SLCT3B,False
50.564.053/0001-03,BOBR4,False
60.637.238/0001-54,JBDU4,False
84.693.183/0001-68,SHUL3,False
35.791.391/0001-94,QUSW3,False
30.540.991/0001-66,HAGA3,False
09.346.601/0001-25,B3SA3,False
45.453.214/0001-51,PFRM3,False
11.992.680/0001-93,QUAL3,False
86.375.425/0001-09,MTSA3,False
71.476.527/0001-35,TEND3,False
00.000.208/0001-00,BSLI4,False
90.076.886/0001-40,MNPR3,False
03.847.461/0001-92,BRAP4,False
01.548.981/0001-79,FIGE4,False
27.093.558/0001-15,MILS3,False
00.622.416/0001-41,STKF3,False
95.426.862/0001-97,BAUH3,False
01.548.981/0001-79,FIGE3,False
93.828.986/0001-73,MAPT4,False
01.417.222/0001-77,MRSA6B,False
62.144.175/0001-20,PINE3,False
89.463.822/0001-12,LUPA3,False
33.938.119/0001-69,CEGR3,False
13.217.485/0001-11,CNTO3,False
07.857.093/0001-14,AURA32,False
60.500.139/0001-26,SLED3,False
81.243.735/0001-48,POSI3,False
34.169.557/0001-72,BMIN3,False
17.245.234/0001-00,CEDO3,False
00.938.574/0001-05,CRTE3B,False
00.070.698/0001-11,CEBR6,False
61.856.571/0001-17,CGAS3,False
60.894.730/0001-05,USIM5,False
33.200.049/0001-47,HOOT4,False
49.263.189/0001-02,HBOR3,False
02.796.775/0001-40,OPGM3B,False
78.876.950/0001-71,HGTX3,False
88.610.126/0001-29,FRAS3,False
19.526.748/0001-50,CATA3,False
50.746.577/0001-15,CSAN3,False
04.895.728/0001-80,EQPA6,False
02.387.241/0001-60,RAIL3,False
33.102.476/0001-92,MOAR3,False
61.082.004/0001-50,ESTR4,False
17.193.806/0001-46,BRGE3,False
00.336.701/0001-04,TELB4,False
89.086.144/0001-16,RAPT3,False
21.255.567/0001-89,CTSA3,False
00.001.180/0001-26,ELET3,False
17.161.241/0001-15,MMAQ3,False
84.683.408/0001-03,DOHL4,False
15.073.274/0001-88,PPLA11,False
84.683.374/0001-49,TUPY3,False
91.495.499/0001-00,STTR3,False
45.242.914/0001-05,CEAB3,False
82.636.986/0001-55,TEKA4,False
97.191.902/0001-94,ODER4,False
91.333.666/0001-17,RCSL3,False
02.328.280/0001-97,EKTR3,False
33.376.989/0001-91,IRBR3,False
62.002.886/0001-60,AHEB3,False
30.306.294/0001-45,BPAC3,False
42.771.949/0001-35,AALR3,False
47.960.950/0001-21,MGLU3,False
04.895.728/0001-80,EQPA5,False
33.467.572/0001-34,TKNO3,False
03.220.438/0001-73,EQTL3,False
00.416.968/0001-01,BIDI11,False
91.669.747/0001-92,FNCN3,False
08.811.643/0001-27,TRIS3,False
33.467.572/0001-34,TKNO4,False
05.721.735/0001-28,WSON33,False
04.986.320/0001-13,SEER3,False
80.227.184/0001-66,MTIG4,False
08.764.621/0001-53,GSHP3,False
60.770.336/0001-65,BRIV3,False
90.400.888/0001-42,SANB3,False
07.820.907/0001-46,CRDE3,False
10.285.590/0001-08,SOMA3,False
61.024.352/0001-71,IDVL4,False
19.526.748/0001-50,CATA4,False
15.101.405/0001-93,CORR3,False
82.643.537/0001-34,EALT3,False
02.193.750/0001-52,GPCP3,False
33.040.601/0001-87,MERC4,False
88.610.191/0001-54,MNDL3,False
04.128.563/0001-10,TIET3,False
05.730.375/0001-20,SMLS3,False
05.197.443/0001-38,HAPV3,False
07.882.930/0001-65,MTRE3,False
06.948.969/0001-75,LINX3,False
01.545.826/0001-07,GFSA3,False
07.047.251/0001-70,COCE5,False
17.346.997/0001-39,RLOG3,False
14.807.945/0001-24,SNSY6,False
92.791.243/0001-03,RANI3,False
92.702.067/0001-96,BRSR5,False
42.150.391/0001-70,BRKM6,False
07.047.251/0001-70,COCE3,False
90.400.888/0001-42,SANB11,False
00.336.701/0001-04,TELB3,False
08.065.557/0001-12,TCSA3,False
08.402.943/0001-52,GUAR3,False
60.872.504/0001-23,ITUB3,False
76.483.817/0001-20,CPLE6,False
19.378.769/0001-76,PARD3,False
15.141.799/0001-03,FESA4,False
13.009.717/0001-46,BGIP4,False
76.627.504/0001-06,INEP4,False
60.894.730/0001-05,USIM6,False
17.167.396/0001-69,RPAD6,False
61.351.532/0001-68,AZEV4,False
92.929.520/0001-00,SPRI6,False
08.560.444/0001-93,GPAR3,False
22.677.520/0001-76,CTNM4,False
92.693.019/0001-89,PATI4,False
08.534.605/0001-74,RNEW3,False
08.159.965/0001-33,IGSN3,False
88.611.835/0001-29,POMO3,False
33.958.695/0001-78,UNIP6,False
12.049.631/0001-84,MDNE3,False
03.467.321/0001-99,ENMT4,False
07.857.850/0001-50,GPIV33,False
33.592.510/0001-54,VALE3,False
33.035.536/0001-00,JFEN3,False
04.031.213/0001-31,CACO3B,False
01.971.614/0001-83,ECPR4,False
59.285.411/0001-13,BPAN4,False
92.929.520/0001-00,SPRI3,False
30.540.991/0001-66,HAGA4,False
21.314.559/0001-66,MOVI3,False
08.343.492/0001-20,MRVE3,False
09.112.685/0001-32,OSXB3,False
10.835.932/0001-08,CEPE5,False
61.156.113/0001-75,MYPK3,False
76.484.013/0001-45,SAPR4,False
83.878.892/0001-55,CLSC3,False
04.030.182/0001-02,CABI3B,False
59.105.999/0001-86,WHRL4,False
82.643.537/0001-34,EALT4,False
28.127.603/0001-78,BEES3,False
03.378.521/0001-75,LIGT3,False
33.000.167/0001-01,PETR3,False
30.306.294/0001-45,BPAC11,False
82.508.433/0001-17,CASN3,False
15.115.504/0001-24,CRPG5,False
60.651.809/0001-05,NEMO5,False
89.637.490/0001-45,KLBN4,False
03.467.321/0001-99,ENMT3,False
10.338.320/0001-00,AFLT3,False
17.193.806/0001-46,BRGE11,False
87.762.563/0001-03,HBTS6,False
43.470.988/0001-65,EVEN3,False
29.780.061/0001-09,SCAR3,False
15.139.629/0001-94,CEEB3,False
92.791.243/0001-03,RANI4,False
08.467.115/0001-00,CEED4,False
29.950.060/0001-57,NRTQ3,False
02.932.074/0001-91,HYPE3,False
11.669.021/0001-10,ENAT3,False
17.155.730/0001-64,CMIG3,False
00.776.574/0001-56,BTOW3,False
00.938.574/0001-05,CRTE5B,False
10.629.105/0001-68,PRIO3,False
91.333.666/0001-17,RCSL4,False
02.664.042/0001-52,MNZC3B,False
92.660.570/0001-26,LUXM4,False
59.105.999/0001-86,WHRL3,False
36.542.025/0001-64,BRQB3,False
02.429.144/0001-93,CPFE3,False
08.534.605/0001-74,RNEW4,False
56.643.018/0001-66,EUCA3,False
42.150.391/0001-70,BRKM5,False
33.256.439/0001-39,UGPA3,False
92.754.738/0001-62,LREN3,False
60.770.336/0001-65,BRIV4,False
02.998.301/0001-81,GEPA4,False
61.186.680/0001-74,BMGB4,False
00.000.000/0001-91,BBAS11,False
08.807.432/0001-10,YDUQ3,False
06.164.253/0001-87,GOLL4,False
33.386.210/0001-19,SOND6,False
61.022.042/0001-18,CALI4,False
01.417.222/0001-77,MRSA5B,False
92.690.783/0001-09,GOAU3,False
33.000.167/0001-01,PETR4,False
62.002.886/0001-60,AHEB5,False
89.086.144/0001-16,RAPT4,False
09.288.252/0001-32,ANIM3,False
17.344.597/0001-94,BBSE3,False
84.693.183/0001-68,SHUL4,False
60.872.504/0001-23,ITUB4,False
18.593.815/0001-97,PRNR3,False
60.543.816/0001-93,JPSA3,False
02.800.026/0001-40,COGN3,False
15.139.629/0001-94,CEEB6,False
95.426.862/0001-97,BAUH4,False
02.162.616/0001-94,UPKP3B,False
60.884.319/0001-59,NORD3,False
15.115.504/0001-24,CRPG6,False
17.314.329/0001-20,MEAL3,False
67.010.660/0001-24,RDNI3,False
00.000.000/0001-91,BBAS12,False
43.776.517/0001-80,SBSP3,False
47.508.411/0001-56,PCAR3,False
16.590.234/0001-76,ARZZ3,False
10.851.805/0001-00,FLEX3,False
60.933.603/0001-78,CESP3,False
92.715.812/0001-31,EEEL3,False
00.272.185/0001-93,CMSA3,False
33.014.556/0001-96,LAME4,False
02.193.750/0001-52,GPCP4,False
28.195.667/0001-06,ABCB4,False
15.527.906/0001-36,BSEV3,False
96.418.264/0218-02,LJQQ3,False
19.688.956/0001-56,GBIO33,False
24.962.466/0001-36,FRRN6B,False
85.778.074/0001-06,RSUL3,False
89.637.490/0001-45,KLBN3,False
42.331.462/0001-31,BTTL3,False
60.933.603/0001-78,CESP5,False
04.065.791/0001-99,SQIA3,False
61.079.117/0001-05,ALPA4,False
08.534.605/0001-74,RNEW11,False
83.878.892/0001-55,CLSC4,False
12.648.266/0001-24,AMBP3,False
01.971.614/0001-83,ECPR3,False
00.416.968/0001-01,BIDI3,False
03.847.461/0001-92,BRAP3,False
76.535.764/0001-43,OIBR3,False
33.958.695/0001-78,UNIP5,False
17.193.806/0001-46,BRGE6,False
92.012.467/0001-70,CGRA3,False
10.345.009/0001-98,ADHM3,False
42.150.391/0001-70,BRKM3,False
17.184.037/0001-10,BMEB3,False
82.640.558/0001-04,CTKA3,False
15.144.017/0001-90,CSAB3,False
61.156.931/0001-78,APTI3,False
02.762.121/0001-04,STBP3,False
03.014.553/0001-91,TPIS3,False
82.640.558/0001-04,CTKA4,False
17.167.396/0001-69,RPAD3,False
04.913.711/0001-08,BPAR3,False
60.651.809/0001-05,NEMO6,False
02.351.877/0001-52,LWSA3,False
92.665.611/0001-77,PNVL3,False
76.484.013/0001-45,SAPR3,False
12.108.897/0001-50,DMVF3,False
87.762.563/0001-03,HBTS5,False
33.040.601/0001-87,MERC3,False
89.637.490/0001-45,KLBN11,False
07.047.251/0001-70,COCE6,False
10.760.260/0001-19,CVCB3,False
92.781.335/0001-02,TASA3,False
00.864.214/0001-06,ENGI11,False
73.178.600/0001-18,CYRE3,False
02.357.251/0001-53,LMED3,False
16.670.085/0001-55,RENT3,False
61.065.298/0001-02,MGEL4,False
14.807.945/0001-24,SNSY5,False
01.027.058/0001-91,CIEL3,False
76.483.817/0001-20,CPLE5,False
61.532.644/0001-15,ITSA3,False
92.693.019/0001-89,PATI3,False
03.303.999/0001-36,DTCY3,False
82.508.433/0001-17,CASN4,False
04.821.041/0001-08,FRIO3,False
51.466.860/0001-56,SMTO3,False
33.958.695/0001-78,UNIP3,False
61.189.288/0001-89,AMAR3,False
08.312.229/0001-73,EZTC3,False
00.359.742/0001-08,ATOM3,False
02.302.101/0001-42,EMAE3,False
07.689.002/0001-89,EMBR3,False
17.184.037/0001-10,BMEB4,False
02.302.101/0001-42,EMAE4,False
21.255.567/0001-89,CTSA8,False
07.859.971/0001-30,TAEE11,False
90.400.888/0001-42,SANB4,False
04.902.979/0001-44,BAZA3,False
02.474.103/0001-19,EGIE3,False
92.690.783/0001-09,GOAU4,False
03.758.318/0001-24,IVPR4B,False
92.929.520/0001-00,SPRI5,False
34.274.233/0001-02,BRDT3,False
02.860.694/0001-62,SHOW3,False
07.859.971/0001-30,TAEE4,False
76.535.764/0001-43,OIBR4,False
07.437.016/0001-05,CNSY3,False
33.611.500/0001-19,GGBR4,False
75.315.333/0001-09,CRFB3,False
00.070.698/0001-11,CEBR5,False
16.614.075/0001-00,DIRR3,False
08.294.224/0001-65,JHSF3,False
01.938.783/0001-11,PEAB3,False
92.660.570/0001-26,LUXM3,False
01.938.783/0001-11,PEAB4,False
51.218.147/0001-93,IGTA3,False
06.272.793/0001-84,EQMA5B,False
00.001.180/0001-26,ELET6,False
76.483.817/0001-20,CPLE3,False
07.628.528/0001-59,AGRO3,False
05.495.546/0001-84,LTLA3B,False
06.272.793/0001-84,EQMA3B,False
84.683.671/0001-94,MWET3,False
07.237.373/0001-20,BNBR3,False
33.839.910/0001-11,VIVA3,False
60.537.263/0001-66,ALPK3,False
04.423.567/0001-21,ENEV3,False
08.795.211/0001-70,MSRO3,False
07.206.816/0001-15,MDIA3,False
33.412.081/0001-96,RPMG3,False
60.746.948/0001-12,BBDC4,False
92.702.067/0001-96,BRSR3,False
00.864.214/0001-06,ENGI4,False
02.558.157/0001-62,VIVT3,False
56.720.428/0001-63,ROMI3,False
06.981.381/0001-13,CTCA3,False
03.303.999/0001-36,DTCY4,False
03.758.318/0001-24,IVPR3B,False
87.456.562/0001-22,JOPA4,False
60.500.139/0001-26,SLED4,False
61.082.004/0001-50,ESTR3,False
42.278.473/0001-03,WIZS3,False
09.295.063/0001-97,TECN3,False
86.550.951/0001-50,FRTA3,False
76.484.013/0001-45,SAPR11,False
17.167.412/0001-13,CRIV4,False
33.611.500/0001-19,GGBR3,False
00.272.185/0001-93,CMSA4,False
01.851.771/0001-55,QVQP3B,False
02.998.611/0001-04,TRPL3,False
88.613.658/0001-10,PTNT4,False
15.141.799/0001-03,FESA3,False
16.404.287/0001-55,SUZB3,False
24.962.466/0001-36,FRRN5B,False
33.228.024/0001-51,WLMM4,False
62.002.886/0001-60,AHEB6,False
08.078.847/0001-09,LPSB3,False
85.778.074/0001-06,RSUL4,False
07.594.978/0001-78,SMFT3,False
29.978.814/0001-87,SULA4,False
13.574.594/0001-96,BKBR3,False
08.574.411/0001-00,PTCA3,False
90.441.460/0001-48,UCAS3,False
07.718.269/0001-57,SGPS3,False
93.828.986/0001-73,MAPT3,False
60.894.730/0001-05,USIM3,False
20.258.278/0001-70,OFSA3,False
11.721.921/0001-60,APER3,False
60.730.348/0001-66,MSPA3,False
60.851.615/0001-53,BDLL4,False
02.998.611/0001-04,TRPL4,False
24.962.466/0001-36,FRRN3B,False
03.853.896/0001-40,MRFG3,False
33.050.071/0001-58,CBEE3,False
15.115.504/0001-24,CRPG3,False
00.001.180/0001-26,ELET5,False
50.564.053/0001-03,BOBR3,False
00.864.214/0001-06,ENGI3,False
50.926.955/0001-42,VULC3,False
10.835.932/0001-08,CEPE6,False
17.161.241/0001-15,MMAQ4,False
22.677.520/0001-76,CTNM3,False
60.851.615/0001-53,BDLL3,False
11.395.624/0001-71,BPHA,True
61.074.506/0001-30,MAFE,True
01.258.943/0001-81,SQRM,True
61.411.633/0001-87,BESP,True
02.860.694/0001-62,SHOW,True
89.723.993/0001-33,SULT,True
02.628.033/0001-06,LTEC,True
07.110.438/0001-71,BTSE,True
00.751.913/0001-40,ENLT,True
61.087.912/0001-37,COPA,True
61.150.751/0001-89,PIRE,True
17.317.686/0001-41,ALTE,True
14.962.356/0001-10,FGOL,True
02.302.098/0001-67,EPTE,True
08.695.953/0001-23,BOVH,True
92.749.167/0001-78,NEUG,True
84.720.630/0001-20,EBCO,True
01.545.832/0001-56,IRRI,True
67.437.434/0001-24,TCSC,True
01.655.694/0001-68,TETE,True
97.395.172/0001-43,IVEN,True
33.033.960/0001-07,SANO,True
08.665.255/0001-85,TARP,True
24.962.466/0001-36,FRRN,True
71.722.607/0001-23,PLPT,True
05.388.437/0001-68,ULBR,True
02.783.425/0001-40,ALIU,True
34.177.279/0001-03,GAFP,True
60.881.422/0001-45,AUTO,True
00.886.257/0001-92,ATMO,True
02.332.397/0001-44,TPRC,True
61.489.514/0001-47,LAEL,True
07.073.027/0001-53,TVIT,True
01.596.401/0001-19,CPAA,True
92.689.173/0001-87,AFRD,True
62.545.686/0001-53,OXIT,True
02.250.726/0001-08,SPEL,True
08.383.595/0001-13,DUFB,True
00.183.435/0001-19,BSFO,True
61.081.972/0001-42,IBRC,True
43.443.464/0001-85,LBBO,True
21.728.500/0001-14,PACF,True
02.808.481/0001-91,AETA,True
13.776.362/0001-10,BTUR,True
84.683.762/0001-20,DUQE,True
23.116.551/0001-10,CFTP,True
25.329.319/0001-96,WMBY,True
33.470.022/0001-74,FGUI,True
61.015.582/0001-74,CPEE,True
58.877.812/0001-08,CPNY,True
04.030.087/0001-09,COAR,True
17.155.151/0001-11,MROE,True
27.251.974/0001-02,CSTB,True
05.707.616/0001-10,BSAN,True
92.859.974/0001-43,ALTS,True
02.558.154/0001-29,TNCP,True
61.074.092/0001-49,MSAN,True
33.550.104/0001-29,LOSA,True
01.245.375/0001-84,GLTR,True
89.940.878/0001-10,LCSA,True
88.610.779/0001-08,SEBE,True
34.274.233/0001-02,BRDT,True
78.594.876/0001-09,TRPA,True
57.488.645/0001-32,ELUM,True
15.182.652/0001-61,IBAN,True
61.149.084/0001-14,ITPS,True
02.258.274/0001-00,PICO,True
07.794.351/0001-60,ABYA,True
00.027.742/0001-00,CBCC,True
16.921.603-0001-66,BIOB,True
01.394.549/0001-70,GMSA,True
02.762.113/0001-50,BFRE,True
62.291.380/0001-18,ATBS,True
02.998.609/0001-27,GETI,True
43.642.727/0001-85,TLSP,True
28.500.320/0001-20,VRLM,True
07.950.674/0001-04,CCXC,True
10.382.341/0001-22,DXXI,True
33.323.742/0001-07,BGFF,True
17.170.150/0001-46,MANM,True
91.664.706/0001-03,LSEH,True
57.487.142/0001-42,CPFL,True
82.641.325/0001-18,CREM,True
00.649.881/0001-76,GTDP,True
84.685.189/0001-93,JOIN,True
82.981.929/0001-03,SCLO,True
42.416.651/0001-07,PRBN,True
02.465.783/0001-04,FTRT,True
00.866.577/0001-80,PSEG,True
62.791.116/0001-43,ASSM,True
17.159.005/0001-64,SJOS,True
60.400.009/0001-11,MNSA,True
61.196.564/0001-36,FLBR,True
10.265.949/0001-77,COPR,True
33.870.163/0001-84,BEXC,True
76.491.828/0001-51,EMRC,True
02.312.126/0001-27,GGES,True
60.688.256/0001-65,PVLT,True
02.670.203/0001-10,RCPR,True
08.741.499/0001-08,PRML,True
10.809.341/0001-66,BTSP,True
04.815.734/0001-80,JARI,True
88.658.752/0001-95,SEHB,True
92.691.328/0001-10,CSUL,True
71.476.527/0001-35,TEND,True
00.643.535/0001-80,EBRU,True
69.720.910/0001-45,LBIC,True
57.500.001/0001-12,FAPC,True
01.832.326/0001-48,VEGA,True
03.114.361/0001-57,DSUL,True
17.221.771/0001-01,LIAS,True
00.185.041/0001-08,ITQR,True
65.599.953/0001-63,CPMS,True
08.887.330/0001-52,CZLT,True
60.700.556/0001-12,BNET,True
76.487.032/0001-25,REPA,True
92.758.085/0001-90,ALBA,True
07.088.416/0001-52,FDCS,True
51.468.791/0001-10,RPSA,True
13.324.184/0001-97,VIGR,True
02.558.129/0001-45,TSEP,True
06.833.131/0001-36,BPIA,True
61.087.581/0001-35,STRP,True
00.514.998/0001-42,ETRO,True
32.185.928/0001-84,TLUX,True
60.889.128/0001-80,SFSA,True
11.094.546/0001-75,MPLU,True
57.486.177/0001-67,TBCP,True
01.540.533/0001-29,QUEN,True
61.082.863/0001-40,ORIO,True
60.643.228/0001-21,FIBR,True
47.080.619/0001-17,ACGU,True
61.288.916/0001-83,BZNX,True
07.700.557/0001-84,BISA,True
04.370.082/0001-17,WTTC,True
31.959.356/0001-80,CMMA,True
02.808.708/0001-07,AMBV,True
61.116.331/0001-86,VGOR,True
06.977.739/0001-34,TEMP,True
02.558.132/0001-69,TCOC,True
52.736.840/0001-10,CCHI,True
33.700.394/0001-40,UBBR,True
00.354.053/0001-00,LOAR,True
84.489.996/0001-30,SNDW,True
03.002.935/0001-03,MLCF,True
15.463.423/0001-15,MLPP,True
02.084.220/0001-76,STBR,True
08.769.451/0001-08,IMWL,True
29.506.474/0001-91,LATS,True
02.320.032/0001-08,TBRC,True
24.315.012/0001-73,ARCE,True
17.157.850/0001-09,USIM,True
02.783.422/0001-06,ALPT,True
05.341.549/0001-63,TRPN,True
60.882.628/0001-90,CNFB,True
07.645.260/0001-63,MSTR,True
60.881.364/0001-50,BERG,True
01.685.903/0001-16,AMCE,True
13.558.218/0001-08,CARB,True
11.136.660/0001-10,HGNN,True
08.473.852/0001-08,ANRN,True
17.197.385/0001-21,CSMB,True
10.847.761/0001-37,EBXG,True
61.632.964/0001-47,PQUN,True
07.332.190/0001-93,VINE,True
82.981.812/0001-20,BUET,True
01.547.749/0001-16,QVUM,True
43.358.647/0001-00,MEDI,True
61.460.762/0001-65,IVIL,True
03.906.591/0001-59,SOES,True
,YPFL,True
02.659.727/0001-00,RNPT,True
42.517.177/0001-00,MDDT,True
33.433.665/0001-48,DOCA,True
02.390.206/0001-09,PITI,True
13.552.070/0001-02,PNOR,True
10.603.674/0001-34,WWOW,True
01.996.119/0001-29,APHA,True
02.036.200/0001-09,ARGM,True
61.192.373/0001-04,COBE,True
20.789.145/0001-20,ELSX,True
60.701.190/0001-04,ITAU,True
00.020.540/0001-37,MLPA,True
08.904.552/0001-36,MILK,True
94.845.674/0001-30,RIPI,True
94.789.468/0001-50,RSIP,True
02.258.422/0001-97,INFM,True
00.058.578/0001-07,TBRS,True
62.092.739/0001-28,NAAG,True
62.607.502/0001-32,SHAP,True
62.528.930/0001-70,FATO,True
04.295.166/0001-33,TDBH,True
61.482.725/0001-58,DFVA,True
09.462.850/0001-86,BJUL,True
60.434.487/0001-42,LECO,True
88.610.159/0001-79,MDZZ,True
61.077.830/0001-01,PNXS,True
22.770.366/0001-82,TOYB,True
00.108.813/0001-08,PILC,True
08.904.090/0001-57,MTNS,True
88.615.315/0001-94,SHPA,True
61.151.445/0001-67,SEMP,True
07.949.970/0001-87,CTMI,True
61.189.601/0001-89,CLDX,True
05.721.582/0001-19,TEFC,True
33.009.911/0001-39,CRUZ,True
61.573.796/0001-66,BSGR,True
61.080.313/0001-91,CBMA,True
44.689.123/0001-57,UCOP,True
07.256.507/0001-50,ITSP,True
02.395.548/0001-03,POCO,True
02.016.439/0001-38,RGEG,True
98.408.073/0001-11,AZBR,True
61.104.717/0001-78,COES,True
33.261.561/0001-01,ECIS,True
04.987.555/0001-20,BGPR,True
96.832.365/0001-51,BHEQ,True
84.208.123/0001-02,IMBI,True
43.833.821/0001-11,BBLS,True
04.705.090/0001-77,SZPQ,True
13.407.573/0001-86,HPIA,True
33.000.035/0001-80,BANG,True
05.918.309/0001-89,IMIG,True
61.418.430/0001-12,TROR,True
92.934.215/0001-06,VERB,True
02.319.126/0001-59,TSPC,True
03.634.777/0001-04,VPTA,True
01.258.947/0001-60,PAAP,True
02.369.513/0001-08,SPNR,True
60.664.810/0001-74,AVIL,True
16.236.440/0001-82,MTPS,True
01.585.482/0001-51,SLOG,True
01.529.588/0001-38,TRSL,True
61.565.511/0001-45,CABR,True
13.603.683/0001-13,PLTO,True
84.046.101/0001-93,CEVA,True
15.163.587/0001-27,BDBA,True
01.258.944/0001-26,GTCZ,True
60.942.638/0001-73,BFIT,True
60.398.989/0001-65,FTSE,True
02.225.714/0001-23,IENG,True
60.703.923/0001-31,VASP,True
07.196.934/0001-90,BECE,True
20.730.099/0001-94,SDIA,True
92.772.821/0001-64,VAGV,True
02.387.233/0001-14,PIJU,True
92.776.665/0001-00,ELEV,True
95.424.479/0001-08,POLA,True
00.189.469/0001-10,LTAM,True
13.004.510/0001-89,BPCO,True
47.427.653/0001-15,MAKR,True
43.710.946/0001-54,MTDO,True
00.249.786/0001-85,FPRT,True
15.105.588/0001-15,ODBE,True
10.782.175/0001-51,PXEC,True
01.391.425/0001-31,PORP,True
33.390.170/0001-89,ACES,True
02.558.134/0001-58,TNLP,True
08.936.792/0001-12,IMCH,True
61.410.395/0001-95,FBMC,True
02.558.156/0001-18,TNEP,True
59.290.239/0001-96,BFCV,True
83.296.889/0001-23,CHAP,True
09.358.105/0001-91,CTIP,True
01.672.223/0001-68,CDOU,True
15.082.688/0001-73,ASTA,True
71.444.681/0001-25,TBAS,True
82.981.671/0001-45,FTRX,True
29.667.227/0001-77,PEFX,True
07.450.604/0001-89,BICB,True
02.919.555/0001-67,ARTR,True
51.466.753/0001-28,VGAF,True
28.672.087/0001-62,BARB,True
08.281.683/0001-04,RJCP,True
61.064.978/0001-01,ARNO,True
60.394.723/0001-44,DXTG,True
92.825.900/0001-96,DHBI,True
12.648.327/0001-53,HBSA,True
28.154.847/0001-40,RECF,True
02.762.122/0001-40,SEBB,True
02.541.982/0001-54,SEDU,True
33.067.745/0001-27,ERIC,True
00.028.986/0001-08,ELAT,True
02.790.893/0001-41,CSPC,True
60.499.605/0001-09,SIFC,True
78.229.309/0001-45,PISA,True
57.009.078/0001-94,AMLC,True
60.594.538/0001-01,IVCT,True
33.000.571/0001-85,WHMT,True
02.220.855/0001-53,SFSP,True
05.615.334/0001-93,SLAE,True
96.735.105/0001-68,ROSI,True
84.429.752/0001-62,MRSL,True
02.331.879/0001-80,TBAC,True
01.529.589/0001-82,RASL,True
04.364.656/0001-4,PVFS,True
32.286.411/0001-81,SLAL,True
61.196.119/0001-76,GIAN,True
76.538.446/0001-36,BSEG,True
13.558.226/0001-54,CPCA,True
02.808.710/0001-78,AMRI,True
08.936.812/0001-55,BMEF,True
91.669.739/0001-46,NVSI,True
91.677.682/0001-27,NHCS,True
07.704.069/0001-45,IBIO,True
00.313.162/0001-80,GRPA,True
96.735.006/0001-86,CZAR,True
08.937.002/0001-13,VSON,True
61.194.080/0001-58,DURA,True
33.087.156/0001-00,MESB,True
61.442.752/0001-05,SPPE,True
33.040.924/0001-70,CLCP,True
33.161.340/0001-53,SGEN,True
33.005.703/0001-61,LOBR,True
08.262.343/0001-36,MARI,True
15.912.764/0001-20,SMLE,True
13.788.120/0001-47,ELEK,True
84.043.009/0001-70,ILLS,True
60.853.942/0001-44,VSMA,True
02.036.214/0001-43,CAPA,True
42.584.128/0001-90,CBDP,True
10.608.405/0001-60,ASTE,True
67.203.208/0001-89,CCIM,True
08.835.366/0001-92,CTLG,True
11.423.623/0001-93,DAGB,True
85.459.691/0001-49,SCMI,True
66.542.002/0001-10,CTWR,True
04.370.450/0001-27,WTNS,True
60.631.090/0001-40,LARK,True
82.640.723/0001-10,ARTE,True
10.488.244/0001-19,IFSC,True
59.179.838/0001-37,PIPN,True
12.592.795/0001-53,PEOG,True
00.237.000/0001-00,ARBR,True
11.040.082/0001-14,AGEI,True
58.128.174/0001-14,CBAG,True
61.360.434/0001-97,CSPP,True
57.494.031/0001-63,CCTU,True
60.736.279/0001-06,CTLU,True
11.566.501/0001-56,TERI,True
01.654.604/0001-14,CNCP,True
85.041.333/0001-11,TPPF,True
92.749.217/0001-17,ZIVI,True
08.424.178/0001-71,TENE,True
00.624.910/0001-45,CSEG,True
15.137.276/0001-93,TEBA,True
50.747.732/0001-18,GMEC,True
53.790.218/0001-53,LFFE,True
61.550.497/0001-06,CTEN,True
01.104.894/0001-22,SHTM,True
00.160.436/0001-48,AUST,True
02.783.424/0001-03,AVID,True
08.723.106/0001-25,BHGR,True
07.033.882/0001-30,WTTS,True
03.420.904/0001-64,GVTT,True
90.347.840/0001-18,SURS,True
08.884.213/0001-35,BPAT,True
40.173.064/0001-09,DJON,True
19.791.268/0001-17,MAGS,True
02.286.509/0001-78,ELMT,True
56.795.362/0001-70,MATC,True
00.313.160/0001-90,TPAN,True
88.925.029/0001-25,GRNL,True
09.347.916/0001-97,KRBR,True
92.794.486/0001-03,CRGT,True
01.368.194/0001-45,SLBR,True
61.230.165/0001-44,BASU,True
03.010.016/0001-73,CRTP,True
07.394.616/0001-33,UNCI,True
61.084.984/0001-20,BMTO,True
70.036.132/0001-59,MPAR,True
02.914.460/0001-50,SALM,True
61.064.838/0001-33,LITS,True
80.902.018/0001-18,RICA,True
02.558.144/0001-93,TLCP,True
02.871.007/0001-04,VSID,True
00.644.907/0001-93,INVT,True
82.639.139/0001-44,HERI,True
02.201.268/0001-17,EMCS,True
36.461.242/0001-20,AMIL,True
76.492.172/0001-91,BEPA,True
61.146.577/0001-09,IBNB,True
56.994.924/0001-05,PMET,True
15.483.430/0001-89,BPMP,True
61.086.823/0001-76,CELM,True
04.896.759/0001-55,CTAN,True
88.301.163/0001-55,LETO,True
56.021.785/0001-33,EPED,True
24.170.211/0001-30,GRID,True
01.772.313/0001-20,VLTR,True
07.620.094/0001-40,AFLU,True
04.562.120/0001-33,BAAM,True
01.492.670/0001-35,PLNT,True
53.843.777/0001-84,ELBR,True
33.051.186/0001-67,CBVI,True
61.065.421/0001-95,BMCT,True
92.660.604/0001-82,ILMD,True
33.007.592/0001-22,NOVA,True
11.703.519/0001-52,BPLA,True
33.485.541/0001-06,BBVT,True
00.299.045/0001-09,LIBP,True
01.946.997/0001-30,BRAU,True
02.457.269/0001-27,FRPS,True
33.366.980/0001-08,BRHA,True
92.189.356/0001-33,ARLA,True
02.570.688/0001-70,BRTP,True
50.280.429/0001-58,PVPR,True
59.104.513/0001-95,AUTM,True
02.288.752/0001-25,APPA,True
15.142.490/0001-38,BEBA,True
79.313.086/0001-62,WISA,True
76.500.180/0001-32,PRVI,True
52.940.350/0001-31,BAQU,True
91.374.561/0001-06,FGOS,True
47.709.365/0001-53,ATEL,True
33.433.822/0001-15,CECI,True
60.522.000/0001-83,ANTA,True
33.009.960/0001-71,MFLU,True
71.550.388/0001-42,RUMO,True
11.102.250/0001-59,HCBR,True
62.868.302/0001-33,BCLM,True
02.670.204/0001-65,RHPR,True
01.258.945/0001-70,GRUC,True
02.558.118/0001-65,TMCP,True
03.410.855/0001-89,CPCM,True
00.257.846/0001-01,FPXE,True
14.308.514/0001-13,BBPA,True
76.527.951/0001-85,PREQ,True
00.861.626/0001-92,NDUT,True
13.604.087/0001-58,POPR,True
01.123.176/0001-01,COVR,True
60.484.797/0001-71,KLAB,True
06.027.566/0001-93,UNIT,True
03.870.455/0005-80,FOMS,True
33.429.226/0001-61,TESE,True
61.442.109/0001-73,FBRA,True
10.866.788/0001-77,BDEP,True
33.024.860/0001-14,CJSC,True
91.156.901/0001-22,OLVB,True
12.126.500/0001-53,RDTR,True
06.349.242/0001-71,WTCJ,True
04.800.265/0001-25,WTSC,True
01.425.787/0001-04,RDCD,True
00.956.274/0001-59,CETE,True
88.948.492/0001-92,CPSL,True
17.162.082/0001-73,MEND,True
46.014.635/0001-49,LIXC,True
49.039.936/0001-15,SDOK,True
92.724.053/0001-73,LGLO,True
51.468.056/0001-06,CTPC,True
09.601.322/0001-60,CTXP,True
61.146.650/0001-34,GALO,True
03.329.124/0001-03,UOLI,True
60.208.493/0001-81,EMBR,True
60.501.780/0001-85,VEMG,True
15.224.488/0001-08,CRBM,True
04.381.091/0001-03,BTAS,True
60.943.388/0001-96,BLME,True
63.090.609/0001-19,BIVT,True
42.157.511/0001-61,ARCZ,True
92.672.203/0001-42,TCHN,True
00.627.379/0001-64,JUNG,True
04.106.907/0001-90,SPWE,True
00.743.065/0001-27,LTEL,True
24.030.025/0001-04,ICPI,True
62.136.254/0001-99,CZRS,True
08.253.728/0001-37,TFAS,True
82.640.632/0001-84,LHER,True
82.636.887/0001-73,SCHA,True
00.095.147/0001-02,NCNE,True
60.605.664/0001-06,RAIA,True
13.565.502/0001-01,EDNE,True
17.156.514/0001-33,REAL,True
10.826.798/0001-89,PORC,True
45.397.007/0001-27,SPLC,True
07.710.591/0001-30,WTVP,True
82.639.543/0001-18,LORZ,True
43.073.394/0001-10,BNCA,True
90.286.105/0001-41,TRFO,True
88.611.983/0001-43,GAZO,True
02.320.739/0001-06,TMGC,True
84.683.788/0001-78,MDOU,True
88.610.324/0001-92,AGRA,True
33.010.760/0001-39,MULL,True
19.443.985/0001-58,FFTL,True
56.806.656/0001-50,RHDS,True
07.040.108/0001-57,CAEC,True
61.377.230/0001-69,FTZA,True
02.189.227/0001-52,CVPT,True
61.284.006/0001-22,MTCS,True
60.405.446/0001-28,EMXS,True
31.119.639/0001-14,DISA,True
00.159.138/0001-38,PNSA,True
75.049.965/0001-78,TRMB,True
08.684.547/0001-65,MAGG,True
08.903.116/0001-42,NSEC,True
00.000.000/0000-00,BOBS,True
31.456.338/0001-86,CFLU,True
10.747.021/0001-29,PRCA,True
15.125.339/0043-40,BAPC,True
15.102.288/0001-82,DBRE,True
02.117.801/0001-67,BNPA,True
02.036.227/0001-12,AMRT,True
60.872.173/0001-21,TRBR,True
49.058.555/0001-83,IDRL,True
02.808.627/0001-07,ACTO,True
47.893.664/0001-90,TAMR,True
01.543.032/0001-04,CGOS,True
02.558.074/0001-73,VIVO,True
84.432.426/0001-04,JFAB,True
92.690.700/0001-73,RHER,True
06.018.000/0001-03,FBSC,True
13.444.994/0001-87,MNBI,True
76.255.926/0001-90,IGUA,True
33.795.055/0001-94,PTQS,True
01.917.705/0001-30,AELP,True
01.545.830/0001-67,ITIN,True
01.102.291/0001-91,MCWS,True
82.610.726/0001-00,ARPS,True
21.254.073/0001-80,CIIT,True
29.075.363/0001-78,CBNT,True
82.373.077/0001-71,BEMA,True
61.071.387/0001-61,BBCM,True
62.232.889/0001-90,DAYC,True
46.112.488/0001-40,IVTE,True
83.876.003/0001-10,BSCT,True
33.387.382/0001-07,DATA,True
02.670.205/0001-00,RPPR,True
04.310.392/0001-46,AEDU,True
17.184.201/0001-99,TMGR,True
78.588.415/0001-15,CIQU,True
71.590.798/0001-17,FLAM,True
62.258.884/0001-36,CCCI,True
09.295.979/0001-47,IRON,True
33.017.039/0001-70,FCAP,True
24.956.666/0001-86,CLAN,True
13.017.462/0001-63,ENSE,True
17.179.391/0001-56,SAMI,True
02.558.124/0001-12,EBTP,True
09.259.821/0001-11,ANPB,True
10.362.796/0001-86,ELND,True
07.698.047/0001-10,AGIN,True
17.298.092/0001-30,BEMG,True
03.634.795/0001-88,VPSC,True
54.526.082/0001-31,ITEC,True
08.943.312/0001-40,AGEN,True
15.144.306/0001-99,SIBR,True
61.082.822/0001-53,MAHS,True
73.847.253/0001-79,FICA,True
44.081.677/0001-77,AMSL,True
06.082.980/0001-03,ALSC,True
06.571.822/0001-09,LUMS,True
19.527.639/0001-58,FLCL,True
01.386.256/0001-41,VTRF,True
09.126.970/0001-02,PONO,True
92.696.418/0001-01,MDEF,True
01.402.946/0001-47,VVAX,True
92.689.256/0001-76,DPPI,True
33.069.766/0001-81,PTIP,True
61.156.501/0001-56,SOLO,True
00.187.032/0001-48,KSSA,True
05.234.760/0001-87,IBPI,True
29.338.352/0001-48,REEM,True
01.083.200/0001-18,GNAN,True
01.109.184/0001-95,UOLL,True
13.545.769/0001-37,PLDN,True
02.330.506/0001-94,TRJC,True
02.162.616/0001-94,UPKP,True
04.634.250/0001-34,NSAM,True
13.587.050/0001-69,ECMC,True
01.608.571/0001-76,PBEL,True
02.107.946/0001-87,TLMP,True
00.108.786/0001-65,NETC,True
04.781.143/0001-39,BESA,True
25.869.736/0001-21,CAFE,True
01.540.541/0001-75,BGOS,True
31.865.728/0001-00,CMET,True
00.924.432/0001-99,PQTM,True
00.022.034/0001-87,UBHD,True
33.041.062/0001-09,SASG,True
00.974.211/0001-25,LMSA,True
60.651.726/0001-16,SUZA,True
33.123.118/0001-66,IMPE,True
97.422.620/0001-50,IDCO,True
61.067.161/0001-97,NAFG,True
02.930.076/0001-41,SUBA,True
